BehaviorSpace results (NetLogo 6.1.0);;;;;;;;;;;;;;;;;;;;;;;;;;;;;;;;;;;;;;;;
assignment1_netlogo_final.nlogo;;;;;;;;;;;;;;;;;;;;;;;;;;;;;;;;;;;;;;;;
experiment;;;;;;;;;;;;;;;;;;;;;;;;;;;;;;;;;;;;;;;;
09/21/2019 21:31:31:580 +0200;;;;;;;;;;;;;;;;;;;;;;;;;;;;;;;;;;;;;;;;
min-pxcor;max-pxcor;min-pycor;max-pycor;;;;;;;;;;;;;;;;;;;;;;;;;;;;;;;;;;;;;
-42;42;-42;42;;;;;;;;;;;;;;;;;;;;;;;;;;;;;;;;;;;;;
[run number];1;2;3;4;5;6;7;8;9;10;11;12;13;14;15;16;17;18;19;20;21;22;23;24;25;26;27;28;29;30;31;32;33;34;35;36;37;38;39;40
simulation-time;150;150;150;150;150;150;150;150;150;150;150;150;150;150;150;150;150;150;150;150;150;150;150;150;150;150;150;150;150;150;150;150;150;150;150;150;150;150;150;150
angle-extra;45;45;45;45;45;45;45;45;45;45;45;45;45;45;45;45;45;45;45;45;45;45;45;45;45;45;45;45;45;45;45;45;45;45;45;45;45;45;45;45
vision;4;4;4;4;4;4;4;4;4;4;4;4;4;4;4;4;4;4;4;4;4;4;4;4;4;4;4;4;4;4;4;4;4;4;4;4;4;4;4;4
speed;0.6;0.6;0.6;0.6;0.6;0.6;0.6;0.6;0.6;0.6;0.6;0.6;0.6;0.6;0.6;0.6;0.6;0.6;0.6;0.6;0.6;0.6;0.6;0.6;0.6;0.6;0.6;0.6;0.6;0.6;0.6;0.6;0.6;0.6;0.6;0.6;0.6;0.6;0.6;0.6
seed;45;45;45;45;45;45;45;45;45;45;45;45;45;45;45;45;45;45;45;45;45;45;45;45;45;45;45;45;45;45;45;45;45;45;45;45;45;45;45;45
vision-angle;180;180;180;180;180;180;180;180;180;180;180;180;180;180;180;180;180;180;180;180;180;180;180;180;180;180;180;180;180;180;180;180;180;180;180;180;180;180;180;180
minimum-separation;3;3;3;3;3;3;3;3;3;3;3;3;3;3;3;3;3;3;3;3;3;3;3;3;3;3;3;3;3;3;3;3;3;3;3;3;3;3;3;3
agent-1-percent;0;0;0;0;0;0;0;0;0;0;20;20;20;20;20;20;20;20;20;20;80;80;80;80;80;80;80;80;80;80;100;100;100;100;100;100;100;100;100;100
total-agents;40;40;40;40;40;40;40;40;40;40;40;40;40;40;40;40;40;40;40;40;40;40;40;40;40;40;40;40;40;40;40;40;40;40;40;40;40;40;40;40
[reporter];conflict;conflict;conflict;conflict;conflict;conflict;conflict;conflict;conflict;conflict;conflict;conflict;conflict;conflict;conflict;conflict;conflict;conflict;conflict;conflict;conflict;conflict;conflict;conflict;conflict;conflict;conflict;conflict;conflict;conflict;conflict;conflict;conflict;conflict;conflict;conflict;conflict;conflict;conflict;conflict
[final];70;74;22;33;120;64;70;69;68;82;79;57;60;148;84;41;109;71;191;68;44;77;76;46;55;162;48;58;72;153;54;45;47;36;57;61;45;51;59;58
[min];0;0;0;0;0;0;0;0;0;0;0;0;0;0;0;0;0;0;0;0;0;0;0;0;0;0;0;0;0;0;0;0;0;0;0;0;0;0;0;0
[max];70;74;22;33;120;64;70;69;68;82;79;57;60;148;84;41;109;71;191;68;44;77;76;46;55;162;48;58;72;153;54;45;47;36;57;61;45;51;59;58
[mean];4.380.132.450.331.120;45.264.900.662.251.600;11.013.245.033.112.500;14.556.291.390.728.400;6.731.788.079.470.190;4.175.496.688.741.720;4.021.854.304.635.760;3.005.298.013.245.030;42.145.695.364.238.400;5.370.198.675.496.680;5.364.238.410.596.020;28.410.596.026.490.000;38.311.258.278.145.600;9.360.264.900.662.250;53.980.132.450.331.100;15.158.940.397.350.900;8.380.132.450.331.120;4.523.841.059.602.640;7.210.596.026.490.060;3.421.854.304.635.760;24.172.185.430.463.500;4.256.953.642.384.100;4.558.278.145.695.360;29.278.145.695.364.200;25.629.139.072.847.600;10.830.463.576.158.900;3.500.662.251.655.620;34.675.496.688.741.700;4.542.384.105.960.260;42.847.682.119.205.200;28.728.476.821.192.000;2.691.390.728.476.820;3.147.682.119.205.290;20.655.629.139.072.800;3.894.039.735.099.330;4.198.675.496.688.740;26.920.529.801.324.500;31.728.476.821.192.000;35.562.913.907.284.700;3.833.774.834.437.080
[steps];150;150;150;150;150;150;150;150;150;150;150;150;150;150;150;150;150;150;150;150;150;150;150;150;150;150;150;150;150;150;150;150;150;150;150;150;150;150;150;150
;;;;;;;;;;;;;;;;;;;;;;;;;;;;;;;;;;;;;;;;
[all run data];conflict;conflict;conflict;conflict;conflict;conflict;conflict;conflict;conflict;conflict;conflict;conflict;conflict;conflict;conflict;conflict;conflict;conflict;conflict;conflict;conflict;conflict;conflict;conflict;conflict;conflict;conflict;conflict;conflict;conflict;conflict;conflict;conflict;conflict;conflict;conflict;conflict;conflict;conflict;conflict
;0;0;0;0;0;0;0;0;0;0;0;0;0;0;0;0;0;0;0;0;0;0;0;0;0;0;0;0;0;0;0;0;0;0;0;0;0;0;0;0
;8;6;2;2;5;4;3;2;2;10;7;1;1;1;8;0;13;4;2;6;4;7;5;5;2;2;9;7;12;5;6;4;5;2;6;8;4;4;9;7
;15;12;2;2;11;8;5;5;4;17;13;3;2;3;15;0;24;9;4;13;9;13;11;8;5;5;15;12;19;8;12;8;9;4;12;16;8;8;16;15
;18;16;2;2;16;10;6;7;6;21;18;3;2;5;20;0;32;12;5;13;9;14;16;10;5;7;19;15;23;9;13;10;12;5;17;20;10;12;18;17
;19;18;2;2;20;10;7;7;6;22;20;6;2;7;20;1;38;14;5;14;9;14;19;11;5;7;19;15;26;9;13;11;13;5;19;21;10;13;20;19
;19;19;2;2;22;10;7;7;6;22;20;7;2;9;21;1;42;14;5;16;9;14;21;12;5;7;19;15;26;9;13;12;13;5;20;21;10;13;21;21
;19;19;2;2;23;10;7;7;6;22;20;7;2;11;21;1;44;14;5;19;9;14;22;12;5;7;20;15;26;9;14;13;13;5;20;25;10;13;21;22
;19;19;2;2;23;10;7;7;6;22;20;7;3;13;21;1;46;14;5;19;9;14;24;12;5;7;20;15;26;9;14;13;13;5;20;25;10;13;22;22
;19;19;2;2;23;12;7;8;6;22;20;9;4;15;21;1;48;14;5;19;9;14;26;12;6;7;20;15;26;9;14;13;13;6;21;25;11;13;22;23
;19;19;2;2;23;14;7;8;6;22;20;13;4;17;21;1;48;14;5;19;9;14;28;13;6;7;20;15;26;9;14;13;13;8;23;25;12;13;22;23
;19;19;2;2;23;16;7;8;6;22;20;15;4;19;21;1;48;14;7;19;9;16;31;13;6;7;21;15;26;9;14;13;13;8;23;25;13;14;22;23
;19;19;2;2;23;18;7;8;6;22;20;15;4;21;23;1;50;14;9;19;9;16;31;13;6;8;21;15;26;9;14;13;13;8;24;25;14;14;22;23
;19;19;2;2;23;20;7;8;6;22;20;15;4;23;25;1;51;14;11;19;9;17;31;13;6;9;21;15;27;9;15;13;14;9;24;25;14;14;22;23
;19;19;2;2;23;20;7;8;6;22;20;15;4;25;27;1;51;14;13;19;9;17;31;13;6;9;21;15;28;9;15;14;16;9;24;25;14;14;22;23
;19;19;2;2;23;20;7;8;6;22;20;15;4;27;27;1;51;15;15;19;9;17;31;13;6;9;21;16;28;9;15;14;17;9;24;25;14;16;22;23
;19;19;2;2;23;20;7;8;6;22;22;15;4;29;27;1;51;16;15;19;9;18;31;13;8;9;21;16;28;9;15;14;18;9;24;25;15;17;22;24
;19;19;2;2;23;20;7;8;6;22;22;15;4;31;27;1;51;16;15;19;9;18;31;13;8;9;21;17;28;9;15;14;18;9;24;25;16;17;22;24
;20;21;2;4;24;20;7;8;6;22;23;15;4;33;27;1;51;16;15;19;9;18;31;13;9;9;21;17;28;9;15;15;18;9;24;25;16;17;22;24
;22;23;2;6;24;20;7;8;6;22;23;15;5;35;27;1;51;16;15;19;9;21;31;13;9;9;21;17;28;9;15;16;19;9;24;26;16;17;22;24
;24;25;2;6;24;20;7;8;6;23;23;15;7;37;27;1;52;16;15;20;9;21;31;13;9;9;21;17;29;9;15;16;20;9;24;26;16;17;22;24
;24;27;2;6;24;20;8;8;6;24;23;15;9;39;27;1;54;17;15;21;9;21;31;14;9;9;21;17;30;9;15;16;20;10;24;26;16;17;22;24
;24;29;2;6;24;20;8;8;6;24;23;15;11;41;27;1;59;20;15;21;9;21;32;14;9;10;21;17;32;9;15;16;21;10;24;26;16;17;22;24
;25;29;2;6;24;20;8;8;6;26;23;15;13;43;27;1;61;21;15;21;10;21;32;15;9;13;23;17;33;9;15;16;23;10;24;26;18;17;22;26
;25;29;3;6;24;20;8;8;6;28;23;15;13;45;28;1;63;21;15;21;11;21;32;15;9;18;23;17;33;10;15;16;23;10;24;28;18;17;22;26
;25;29;5;6;24;20;8;8;6;30;23;15;13;47;28;1;64;21;15;21;12;21;32;15;9;20;23;17;33;12;15;16;23;10;24;29;18;18;22;26
;25;29;5;6;26;20;8;8;6;31;24;17;13;49;29;1;64;21;15;21;12;21;32;15;9;22;23;17;33;12;15;16;23;10;24;29;18;18;22;26
;25;29;5;6;29;20;9;9;8;31;24;19;14;51;29;1;65;21;15;21;12;21;32;15;9;24;23;19;33;12;15;16;23;10;24;29;18;18;22;27
;25;29;5;6;33;20;9;9;10;33;24;20;15;53;30;1;67;21;15;21;12;21;32;17;9;26;23;20;33;12;15;16;25;10;25;29;18;18;22;27
;25;30;5;7;35;20;9;9;12;35;24;20;17;55;31;1;68;21;15;21;12;21;32;18;9;28;23;21;33;12;15;16;25;10;25;29;18;19;22;27
;25;30;5;8;39;20;11;9;15;37;24;20;17;57;32;1;68;22;15;21;12;21;32;18;10;30;25;21;33;12;15;16;26;10;25;29;18;19;22;27
;25;30;5;8;42;20;13;9;20;37;24;20;19;59;35;1;68;22;15;21;12;21;32;20;10;33;25;21;33;12;15;17;26;11;25;30;18;19;22;27
;25;30;5;8;43;20;15;10;24;37;24;21;21;61;37;1;68;22;15;21;14;22;32;20;10;35;25;21;33;12;15;17;26;11;25;30;18;19;22;27
;25;30;5;8;45;20;17;12;26;37;24;21;25;63;39;1;68;24;17;21;15;25;32;20;10;37;25;21;33;12;15;17;26;11;25;30;18;19;22;27
;25;30;5;8;45;20;17;12;28;37;24;23;27;65;41;1;69;24;17;21;15;25;32;20;11;39;26;21;33;12;15;17;26;11;25;30;18;19;22;27
;25;30;5;8;45;20;19;12;28;37;24;24;27;67;43;1;69;24;17;22;15;27;32;20;11;41;26;21;33;12;15;17;26;11;25;30;18;20;22;28
;25;30;5;8;45;20;21;12;28;37;26;24;27;69;45;2;69;25;17;23;15;27;32;20;11;43;27;21;33;12;15;17;26;11;25;30;19;22;24;29
;25;30;5;8;47;20;23;12;28;37;28;24;27;71;47;2;69;27;17;24;15;28;32;20;11;45;29;21;33;12;15;17;26;12;25;30;20;22;25;30
;25;30;5;8;49;21;24;12;29;37;30;25;27;73;47;2;69;30;17;24;15;28;32;24;11;47;30;21;33;12;15;17;26;14;25;31;20;24;25;30
;25;30;5;8;52;22;24;13;29;37;32;25;29;75;47;2;69;33;17;24;15;29;32;24;12;49;31;23;33;12;15;17;26;14;26;32;20;24;25;30
;25;30;5;8;54;23;24;13;29;38;34;25;33;77;47;2;69;36;17;24;15;29;32;24;14;51;31;23;33;12;15;17;26;14;26;32;21;24;25;30
;25;30;6;8;54;26;24;13;29;40;34;25;34;79;47;2;69;38;17;24;15;30;32;24;16;53;31;23;33;12;15;19;28;14;26;34;21;24;25;30
;25;30;6;8;55;26;24;14;29;42;34;25;34;81;47;3;69;38;17;24;15;30;34;24;18;55;31;23;33;12;15;20;31;14;27;35;21;24;25;30
;25;30;6;8;55;26;24;14;30;44;34;25;34;83;47;3;69;38;17;24;15;30;34;24;18;57;32;23;34;12;15;20;32;14;27;37;21;24;25;31
;25;30;6;8;55;26;24;15;32;46;35;25;36;85;47;3;70;38;17;24;15;30;34;24;18;59;32;23;34;12;17;22;32;14;27;37;21;24;25;32
;25;30;6;8;55;26;24;15;32;47;36;25;36;87;47;3;70;40;17;24;15;30;34;24;18;61;32;23;34;12;18;23;32;14;27;37;21;24;25;32
;25;30;6;8;55;27;24;15;32;47;38;27;36;89;47;3;70;41;17;24;15;30;36;24;18;66;32;23;34;12;18;23;32;14;27;37;21;24;25;32
;25;30;6;8;55;27;24;15;32;47;40;27;36;91;47;3;72;41;18;24;15;30;37;24;19;70;32;23;34;12;18;23;32;14;27;37;21;24;25;32
;25;30;7;8;55;28;26;15;32;47;42;27;36;93;47;3;72;41;18;24;16;30;37;24;19;74;32;23;35;12;18;23;32;14;27;37;21;24;25;33
;25;30;8;8;55;28;28;15;33;47;44;27;36;95;47;3;72;41;19;24;17;30;38;24;19;78;32;24;39;12;18;23;33;14;29;37;21;25;25;33
;25;30;9;8;55;28;30;15;34;47;46;27;36;96;48;3;72;41;19;24;17;30;38;24;19;83;32;24;40;12;19;23;33;14;29;38;21;25;25;33
;25;30;9;8;55;29;32;15;36;47;49;27;36;96;48;3;72;41;19;24;18;30;38;24;19;88;32;24;40;12;19;23;33;14;30;39;21;25;25;33
;25;30;9;8;56;29;34;15;38;47;51;27;36;96;48;3;72;41;19;24;18;30;38;24;19;92;32;24;40;12;19;24;33;14;31;39;21;25;25;33
;26;30;9;8;56;30;35;15;39;47;53;27;36;96;49;3;72;41;19;24;18;30;38;24;19;95;32;26;40;12;19;24;33;15;33;39;21;25;25;33
;28;32;9;8;56;31;35;15;39;48;53;27;36;96;49;3;72;41;19;24;20;30;38;25;19;99;32;26;40;12;19;24;33;15;34;39;21;25;25;33
;29;34;9;8;56;31;35;15;39;48;53;27;36;96;49;3;72;42;19;24;21;30;38;25;19;101;32;26;40;12;19;24;33;15;34;39;21;26;26;33
;31;36;9;8;57;31;35;15;39;48;54;27;36;96;49;3;72;43;19;24;21;30;38;25;19;103;33;26;41;12;20;24;33;15;34;39;21;26;26;33
;33;37;10;8;57;31;35;15;39;48;54;27;36;97;50;3;72;45;19;24;21;32;39;25;19;107;33;26;41;13;20;24;33;15;34;39;22;26;26;34
;34;39;12;8;57;31;35;16;39;48;54;27;36;97;50;3;72;46;19;24;21;32;39;25;20;109;33;26;41;13;20;24;33;15;34;39;23;26;26;34
;34;39;12;8;57;31;35;19;39;48;54;27;36;98;50;3;72;46;19;24;21;32;39;27;20;111;33;26;41;13;22;24;33;15;34;39;23;26;27;35
;34;41;12;8;58;32;37;23;39;48;54;27;36;99;50;4;72;46;19;24;22;32;39;27;20;113;33;26;41;14;22;25;33;15;34;39;23;27;29;37
;34;42;12;8;59;34;39;25;39;48;54;27;36;101;50;6;73;46;19;24;23;33;39;27;20;115;33;26;42;14;22;25;33;15;34;39;23;27;29;37
;34;42;12;8;59;36;41;26;39;49;54;27;36;101;50;8;74;46;19;24;23;33;39;27;20;117;33;26;43;14;22;25;33;15;34;39;23;27;29;37
;35;42;12;8;59;38;43;26;39;49;54;27;36;101;50;9;75;46;19;24;23;35;39;27;20;119;33;26;43;14;22;25;33;15;34;39;23;27;29;37
;36;42;12;8;59;40;45;26;39;49;56;27;36;101;50;9;75;46;20;25;23;35;39;27;20;123;33;26;43;14;22;25;33;15;34;40;23;27;29;37
;38;42;12;8;59;42;47;26;39;49;56;27;36;101;50;9;75;47;22;25;23;35;39;27;20;125;33;26;43;14;22;25;33;15;35;42;23;27;29;37
;40;42;12;8;59;44;48;27;39;49;56;27;36;101;50;9;75;49;24;25;23;35;39;27;20;129;33;28;43;14;22;26;33;15;35;43;23;27;29;37
;41;42;12;8;59;45;48;27;39;50;56;27;36;101;50;9;75;51;26;25;23;35;39;27;20;132;34;28;43;14;23;26;33;15;35;43;23;27;29;37
;42;42;12;8;59;45;48;27;39;50;56;27;37;101;50;9;75;51;28;27;23;35;39;28;20;135;34;28;43;15;24;26;33;17;38;43;24;27;30;37
;43;42;12;8;61;45;49;27;39;50;56;27;37;101;50;11;75;51;30;27;23;35;39;28;20;137;34;28;43;16;24;26;33;18;38;43;24;27;31;37
;43;42;12;8;64;45;49;27;39;50;56;27;37;101;52;12;75;51;32;27;23;35;39;30;20;139;34;28;43;16;24;26;33;18;38;44;24;27;31;37
;45;42;12;8;68;45;49;27;39;50;56;27;37;101;52;12;75;51;34;27;23;35;39;30;20;141;34;28;43;16;24;26;33;18;38;44;26;27;31;38
;46;42;12;8;71;45;49;27;41;50;56;27;37;101;52;12;76;51;36;27;23;37;39;30;20;144;34;28;44;16;24;26;33;18;38;44;27;27;31;39
;47;42;12;8;73;45;49;27;43;50;56;28;37;101;52;12;77;53;38;27;23;37;39;30;23;147;34;28;44;16;24;26;33;19;39;44;27;27;31;41
;51;42;12;8;75;45;49;27;45;54;56;28;37;101;52;12;79;53;43;27;23;37;39;30;24;148;34;28;45;16;24;27;33;19;40;44;27;27;31;41
;53;42;12;8;77;45;49;27;47;57;57;28;37;102;54;12;79;53;47;27;23;37;39;30;24;149;34;28;45;16;25;27;33;19;40;44;27;27;31;41
;55;42;12;8;77;45;49;27;49;59;58;28;38;104;54;12;81;53;49;27;23;37;39;30;24;149;34;28;45;16;27;27;33;20;40;44;27;29;31;41
;55;42;12;8;77;45;49;27;50;61;58;28;38;106;54;12;84;53;51;27;23;37;39;30;26;149;34;28;45;16;27;27;33;20;41;44;27;29;31;41
;55;43;12;8;77;45;50;27;52;61;58;28;39;108;54;12;87;53;53;27;23;37;39;30;26;149;34;28;45;17;27;27;33;20;41;44;27;29;31;41
;55;44;12;8;77;47;50;27;52;61;59;28;39;110;54;12;89;53;55;27;23;37;41;30;26;149;34;29;45;17;27;27;33;20;41;45;28;29;31;41
;55;44;12;9;77;49;50;27;52;61;61;28;39;112;54;12;92;53;57;27;24;37;43;30;26;149;34;32;45;17;27;29;33;20;41;45;28;29;31;41
;55;44;12;9;77;51;50;30;52;61;65;28;39;112;54;12;95;53;59;28;24;37;43;30;28;149;35;34;45;17;27;29;33;21;42;46;28;29;31;41
;55;45;12;9;79;53;50;31;54;61;67;28;39;112;55;12;98;53;61;28;24;37;43;31;30;150;35;34;45;17;28;29;33;23;44;47;28;30;33;41
;55;45;12;9;79;54;50;31;54;61;69;28;40;113;57;12;101;53;63;28;25;37;43;32;32;150;36;35;45;17;28;29;34;23;44;47;28;32;33;41
;55;46;12;9;79;54;50;31;54;61;69;28;43;113;59;12;101;53;65;28;25;39;43;32;33;150;36;36;45;19;28;29;34;23;44;48;28;33;34;41
;55;46;12;9;79;54;50;31;54;61;69;28;44;113;61;12;101;53;67;28;25;41;43;32;33;150;36;37;45;19;28;29;34;23;44;48;29;33;35;41
;55;46;12;9;79;54;50;31;54;61;69;28;47;113;63;12;101;53;69;28;25;43;43;32;34;150;36;39;46;19;28;29;34;25;44;49;29;34;35;41
;55;46;12;9;79;54;50;31;54;61;69;28;47;113;64;12;101;53;71;28;25;45;43;34;34;151;36;41;48;19;28;29;34;25;44;49;29;36;37;42
;55;46;12;9;79;54;51;31;54;61;69;28;47;113;64;12;101;53;73;28;25;47;43;34;34;152;36;41;48;19;29;29;34;25;44;49;29;36;38;43
;55;46;12;9;79;54;53;31;54;62;69;28;48;113;64;14;101;53;75;28;25;49;43;34;34;152;37;41;48;19;30;29;34;25;44;49;29;36;38;43
;55;46;12;9;79;54;54;31;54;63;69;28;49;114;64;16;101;53;77;28;25;51;43;34;34;152;37;41;48;19;30;30;34;25;44;49;30;36;38;43
;55;46;12;11;81;54;54;31;54;64;69;28;49;114;64;18;101;53;79;29;25;53;45;34;35;152;37;41;48;19;30;30;35;26;44;49;30;36;38;43
;55;46;12;13;83;54;54;31;54;65;69;28;49;114;64;20;102;53;81;29;25;55;45;34;35;152;37;41;48;22;30;30;35;26;46;49;30;36;38;43
;55;46;12;14;85;54;54;31;54;65;69;28;49;114;64;22;102;53;84;29;25;57;45;35;35;152;38;41;48;24;31;30;35;26;47;49;30;36;38;43
;55;46;12;16;88;54;54;31;54;65;69;28;49;114;64;22;103;53;86;29;25;59;46;35;35;152;38;42;48;26;33;30;35;26;48;49;30;36;39;43
;55;47;12;17;90;54;54;31;55;65;70;28;50;114;64;22;103;53;88;29;27;59;47;35;35;152;38;44;48;28;33;30;35;26;48;49;30;36;39;43
;55;47;12;19;90;54;54;31;57;65;70;28;52;114;64;22;103;53;90;30;27;59;48;35;35;152;38;44;49;30;33;30;35;26;48;49;30;36;39;43
;55;47;12;20;90;54;54;33;61;65;70;28;54;114;64;22;104;53;92;30;27;59;49;35;35;152;38;46;51;33;33;31;35;26;48;49;30;36;39;43
;55;47;12;21;90;54;54;35;61;65;70;28;54;114;64;22;104;53;94;30;27;59;50;35;35;152;39;46;52;37;33;31;35;26;48;49;30;36;39;43
;55;47;12;21;90;54;55;37;61;65;70;28;54;114;64;22;104;53;96;31;27;59;53;35;35;153;42;46;52;41;33;31;35;26;48;50;30;37;39;43
;55;47;12;22;90;54;56;39;61;65;70;28;55;114;64;23;104;53;98;32;27;59;55;35;35;154;42;46;52;44;33;31;35;26;48;51;30;38;39;43
;55;47;12;22;90;55;56;40;61;65;70;29;55;114;66;23;104;53;100;35;27;59;58;35;35;154;42;46;52;46;35;31;35;28;48;51;30;40;40;43
;55;47;12;22;90;56;56;41;61;66;70;30;55;114;66;23;104;53;102;38;27;59;59;35;35;155;42;46;52;48;35;31;35;28;48;51;30;41;41;43
;55;47;12;22;90;56;56;43;61;66;70;30;55;114;66;23;104;53;104;40;27;59;59;35;35;156;42;47;52;50;37;31;35;28;48;51;30;41;41;44
;55;47;12;22;90;56;56;45;61;66;70;30;55;114;67;25;104;53;106;42;27;59;59;35;35;156;42;47;52;52;38;31;35;28;48;51;32;41;41;44
;55;48;12;22;90;57;56;45;61;66;70;30;55;114;67;25;104;53;108;44;27;59;59;35;35;156;42;47;52;55;39;31;35;28;48;51;34;42;41;44
;55;50;12;22;90;57;56;45;61;66;70;30;55;114;67;25;105;53;110;45;27;59;59;35;35;156;43;47;52;57;40;32;35;28;48;51;34;42;41;44
;55;53;12;23;90;57;56;45;61;66;70;30;55;114;67;25;106;53;112;47;28;59;59;35;35;156;43;47;52;59;40;33;35;28;48;52;34;42;41;46
;55;56;12;23;90;57;56;45;61;66;71;30;55;114;67;25;106;53;114;48;31;59;60;35;35;156;43;47;52;61;41;33;35;28;48;52;35;42;41;48
;55;59;12;23;90;57;56;45;61;66;71;31;55;114;67;25;106;54;116;49;31;59;61;35;35;157;43;47;52;63;42;33;35;28;48;52;35;44;43;48
;55;63;12;23;90;57;56;46;61;66;71;31;55;114;67;25;106;55;118;49;31;59;61;35;35;158;43;47;52;65;43;33;36;28;48;52;35;44;46;48
;55;65;12;24;90;57;56;47;61;67;72;31;55;114;67;25;107;58;120;49;31;59;61;36;36;159;43;47;53;67;43;33;36;28;48;52;35;45;46;48
;55;67;12;24;90;57;56;49;61;70;73;31;56;114;67;26;107;60;122;51;31;59;61;36;36;159;43;47;54;69;43;33;36;28;48;52;35;45;46;48
;55;69;12;24;90;57;56;51;61;72;73;31;56;114;67;26;107;60;124;52;32;59;61;36;36;159;43;47;54;71;43;33;36;28;50;52;35;45;46;48
;55;71;12;24;90;57;58;53;61;74;73;31;56;114;67;28;107;62;126;52;33;59;61;37;36;159;43;48;54;73;43;33;36;28;50;52;35;47;48;48
;55;72;12;24;90;57;58;54;61;75;73;31;56;114;67;29;107;62;128;53;34;59;61;38;36;159;43;49;54;75;43;34;36;28;50;52;36;47;49;48
;55;72;12;24;90;57;58;54;61;75;73;31;56;114;67;29;107;62;130;54;35;62;61;38;36;159;45;49;54;77;43;34;36;28;50;52;36;47;49;48
;55;72;13;24;90;57;58;54;61;75;74;31;56;116;67;29;107;62;132;54;35;62;62;38;36;159;46;49;54;79;43;34;36;29;50;52;36;47;49;48
;56;72;13;24;90;58;58;54;61;75;74;31;56;118;68;29;107;62;134;54;35;62;62;38;36;159;46;50;54;82;43;34;36;29;50;52;36;47;49;48
;58;72;13;24;90;60;58;54;61;75;74;31;56;119;70;29;107;62;137;54;35;62;62;38;36;159;46;51;54;84;43;34;36;29;50;52;36;47;49;48
;61;72;13;25;90;62;58;54;62;75;74;31;56;121;72;29;107;62;139;54;35;63;62;38;37;159;46;52;55;86;44;34;36;30;50;53;36;47;50;48
;64;72;15;25;90;62;58;54;63;75;74;31;56;121;74;29;107;63;142;55;35;64;62;38;38;159;47;52;55;88;44;34;36;31;52;53;36;47;50;48
;66;72;16;26;90;63;58;54;63;75;74;31;56;121;74;29;107;63;144;56;35;64;62;38;38;159;47;52;56;90;44;34;36;32;53;53;38;47;50;48
;67;72;18;28;90;63;58;54;63;75;74;31;56;121;74;29;107;63;146;56;36;64;62;38;38;159;47;52;56;92;44;34;36;32;53;53;39;47;50;48
;67;72;20;30;90;63;58;54;63;75;74;31;56;121;74;30;107;63;148;56;38;64;62;40;38;159;47;52;57;94;44;34;36;33;55;53;39;47;50;48
;67;72;20;31;90;63;58;54;63;75;74;31;56;121;74;31;107;63;150;56;39;64;62;42;38;159;47;53;59;96;44;34;36;33;55;53;39;47;52;48
;67;72;20;31;91;63;58;54;63;75;74;31;56;125;74;32;108;63;152;56;40;64;62;42;38;159;47;53;59;98;44;34;37;33;55;53;41;47;55;49
;68;72;20;31;91;63;58;54;63;75;74;33;56;127;74;32;108;63;158;56;40;64;62;43;38;159;47;53;59;100;44;34;37;33;55;53;41;47;56;51
;68;72;20;31;91;63;58;54;63;75;76;34;56;130;74;32;108;63;161;56;40;64;62;43;38;159;47;53;60;102;45;35;37;33;55;53;41;48;56;51
;68;72;20;31;91;63;59;54;63;75;76;35;56;132;75;32;108;64;163;56;40;64;62;43;38;159;47;55;61;104;46;38;37;33;55;53;41;48;57;51
;68;72;20;31;91;63;60;54;63;75;76;37;56;133;75;32;108;66;165;56;40;64;63;43;38;161;48;55;65;106;46;39;37;33;57;53;41;48;59;51
;68;72;20;31;91;63;60;54;63;75;76;39;56;133;77;32;108;66;167;56;41;65;63;44;38;161;48;55;67;110;46;40;39;33;57;53;41;48;59;51
;68;72;20;31;93;63;60;54;63;75;76;41;56;133;78;32;108;66;169;57;42;67;63;44;38;162;48;55;70;112;46;41;40;34;57;53;41;49;59;52
;68;72;21;31;95;63;60;54;63;75;76;43;58;133;79;32;108;66;171;57;42;67;63;44;38;162;48;56;70;114;46;42;41;34;57;53;41;49;59;52
;68;72;22;31;95;63;60;54;63;75;76;45;58;134;79;32;108;66;173;57;42;67;64;44;38;162;48;57;70;116;46;42;42;34;57;53;41;49;59;52
;68;72;22;31;95;63;61;54;64;75;76;47;58;134;79;33;108;66;175;57;42;67;66;44;38;162;48;58;70;118;48;42;42;34;57;53;41;49;59;52
;68;72;22;31;96;63;62;54;64;75;76;49;58;135;79;35;108;66;178;58;42;67;68;46;38;162;48;58;70;120;49;42;42;34;57;54;41;49;59;52
;68;73;22;31;97;63;63;54;64;75;76;51;58;136;79;37;108;66;181;58;42;67;70;46;39;162;48;58;70;122;49;42;42;34;57;54;41;49;59;53
;68;73;22;31;100;63;64;54;65;75;76;53;58;137;79;39;108;66;183;59;42;67;72;46;39;162;48;58;70;124;50;42;44;34;57;54;41;49;59;53
;68;74;22;31;102;63;64;54;66;77;76;55;60;137;79;41;108;66;186;60;42;70;72;46;42;162;48;58;70;126;50;43;45;35;57;54;41;49;59;53
;68;74;22;31;102;63;64;55;66;79;78;57;60;137;79;41;108;66;189;61;42;72;72;46;44;162;48;58;70;128;50;43;45;36;57;54;41;49;59;53
;68;74;22;31;102;63;64;55;66;79;78;57;60;137;79;41;108;66;189;62;43;72;72;46;46;162;48;58;71;130;50;43;45;36;57;54;41;49;59;53
;68;74;22;31;103;63;64;55;66;80;78;57;60;137;79;41;108;67;189;64;43;72;74;46;48;162;48;58;71;132;50;45;45;36;57;54;41;49;59;53
;68;74;22;31;105;63;65;55;67;81;78;57;60;137;79;41;108;69;189;64;43;72;74;46;50;162;48;58;71;134;50;45;45;36;57;54;41;49;59;53
;68;74;22;31;107;63;65;56;68;81;78;57;60;137;80;41;109;69;189;64;43;72;75;46;52;162;48;58;71;136;50;45;45;36;57;56;41;49;59;53
;68;74;22;31;109;63;65;58;68;81;78;57;60;137;81;41;109;69;189;64;43;73;75;46;54;162;48;58;71;138;51;45;45;36;57;57;41;49;59;55
;68;74;22;32;111;63;66;60;68;81;78;57;60;138;81;41;109;69;189;65;44;76;75;46;54;162;48;58;71;141;51;45;45;36;57;58;41;50;59;57
;68;74;22;33;113;63;67;62;68;81;78;57;60;140;81;41;109;69;189;66;44;77;75;46;54;162;48;58;71;144;54;45;45;36;57;58;41;51;59;58
;68;74;22;33;115;63;67;65;68;81;78;57;60;142;81;41;109;69;189;66;44;77;75;46;55;162;48;58;71;147;54;45;45;36;57;59;41;51;59;58
;68;74;22;33;117;63;67;68;68;81;78;57;60;144;83;41;109;71;189;68;44;77;76;46;55;162;48;58;72;149;54;45;45;36;57;59;41;51;59;58
;68;74;22;33;119;63;68;69;68;82;78;57;60;146;84;41;109;71;190;68;44;77;76;46;55;162;48;58;72;151;54;45;46;36;57;60;43;51;59;58
;70;74;22;33;120;64;70;69;68;82;79;57;60;148;84;41;109;71;191;68;44;77;76;46;55;162;48;58;72;153;54;45;47;36;57;61;45;51;59;58
